{"hlWGxiH8bu85KzoqUCCegA==":"screenshot-2023-08-28-at-3.36.35-pm-1024x1030.png","hOyfN3Eqwum7tW3f8zrjeQ==":"tiktok2-1542x1094.png","BnLBWrb4tepvnyzkWGzGJw==":"1683495342_landergluco2copy.webp","0xmRRp7tpMq4Y+G4iNUKjA==":"276167e26cae5ca507f98d02302a8f57-1080x1080.png","hXORmxpK2pLFBHFKlGXThw==":"ikaria2-612x408.png","Z7qoFsBJvs1Z2gvlTRtH4g==":"ikaria3-404x316.png","W26yk1oL1avc7xSEIpmvkg==":"ikaria.webp","enBHGE4jGD8Jrs53E66L5w==":"creative%20(2)-600x600.jpg","ZFyYlBvtG9754cQrm7eGfw==":"kkcreative%20(2)-600x501.jpg","GkTPBgVmDYbNoF+v2jrL5A==":"creative%20(3)-600x315.jpg","315HBGu9TtyrycZPsU3HdQ==":"creative%20(5)-600x600.jpg","ohM359Zce4mm+jwtPI27nw==":"creative%20(6)-600x600.jpg","La5Oqq4mGSJYCwzNigmVsg==":"creative-512x512.jpg","i0xpgW/0RgRgqw+6nf7i0A==":"alpilean-weight-loss-capsules-removebg-preview-612x408.png","662E9xe3400L1NB/rOHeCg==":"l2-500x500.png","JohMcXnjn0lbhTgGtfd9cw==":"l3-370x674.png","4jqqdaqfyrmeACwTiEBeCg==":"l4-666x375.png","9iZAl0phGsIcLzYp4wliyQ==":"images-177x284.jpg","XTypqDWrA+18Ztn8Q49QQw==":"l5-500x500.png","WbyN/zJFpsOZS9/Zymq6sQ==":"l6-603x414.png","JzQaJ//zNU5z2AzDlfQ8/g==":"l7-778x188.png","WrgX7uIXuPEBEe8C0ZJveA==":"l8-620x403.png","aBbZzm4vo5JrrHvr/9DBZg==":"single-product-nw.webp","CbCm3cr5pQL4oDRTDFjjEQ==":"image2.webp","asDiP3RYmdlWwi5RB1BWYQ==":"m1-612x408.png","BHSyeYH1q3P82sJG7v+NVA==":"ribbon-341x341.png","EhMm1eUMFLFSBOF7JLPpfQ==":"m3-575x434.png","qdRoFcU/JiQgem7/NJdJsQ==":"metanail_complex_-_presentation-removebg-preview-576x433.png","1pyA4wXSdq9jh/sXkLObIA==":"metanail_complex_-_presentation__2_-removebg-preview-570x437.png","aId6m2W4TXhfZ28l6PO3bw==":"m2-667x374.png","pUuyynjmDYdUnQnbGZXLQQ==":"liv2-513x486.png","c/h6klqoeeT51JdLkNeLBA==":"c3-612x408.png","15XdMPdez853xKpilZTpDA==":"liv1-612x408.png","kLR6MG4KA9vLYgVfoZr0QA==":"c1-612x408.png","2F2Q6jswiEE0ZXNVBQfvNw==":"c2-449x556.png","CDEgc5VU3vxK5iKZSPGaEw==":"c2-80x99.png","dZeow25umm9galhxtU672A==":"c1-77x51.png","8FdT3VMjXyHzuQEbGzKBlA==":"liv1-144x96.png","p5aw2AHEZoQlWX1ubU0/Yg==":"liv2-144x136.png","/qXF8aGYhGRLYdjysOcWNg==":"liv3-612x408.png"}